model,accuracy,precision,recall,f1,roc_auc,cv_f1_mean,cv_f1_std
Random Forest,0.6972222222222222,0.7063037249283668,0.974308300395257,0.8189368770764119,0.565613340844446,0.8173923140413288,0.0022818881046881784
XGBoost,0.6708333333333333,0.7104851330203443,0.8972332015810277,0.7930131004366813,0.5616330667503971,0.7896207738311374,0.005846102668723194
Logistic Regression,0.5743055555555555,0.7484433374844334,0.5938735177865613,0.6622589531680441,0.5725118669424846,0.6531105624949691,0.012587874366356805
